﻿<?xml version="1.0" encoding="utf-8"?>
<BridgePackage>
  <App Name="Application1" Version="1.0" GUID="AP905659C9C1A64D128CE8FC9B2EADC9887E570CD891A000001B00000000D891A00000010000100000000000000000000000000000000000000000000000000000000000000000F7" Description="" FullApp="True" DataPackage="True" BridgeVersionCreated="27.0" BridgeVersionChanged="" ObjectDateCreated="2021-07-12T22:58:28" ObjectDateChanged="" ExportFormat="Data" DistributionMode="Standard" AuthorID="D891A000">
    <AppObjects>
      <Object Type="TB" GUID="TBF352871778E2485D9F2E8490AA5AFB507E570CD891A000001B00000000D891A00000010000100000000000000000000000000000000000000000000000000000000000000000C6" Name="Node" AppInitialSignature="D891A00000010000" ObjectInitialSignature="D891A00000010000" ObjectDateAdded="" BridgeVersionCreated="27.1" BridgeVersionChanged="27.1" ObjectDateCreated="2021-07-12T22:41:53" ObjectDateChanged="2021-07-12T22:53:55" DefaultImportAction="NEW" File="Node_2021-Jul-12_2258.csv" DataDateUpdated="2021-07-12T22:49:26" FileType="TextTables" HasColumnHeader="True" FileFormat="CSVDelimited" />
      <Object Type="TB" GUID="TB39EA0D28B2194B739F4A33DE4207DE387E570CD891A000001B00000000D891A00000010000100000000000000000000000000000000000000000000000000000000000000000C6" Name="Edge" AppInitialSignature="D891A00000010000" ObjectInitialSignature="D891A00000010000" ObjectDateAdded="" BridgeVersionCreated="27.1" BridgeVersionChanged="27.1" ObjectDateCreated="2021-07-12T22:43:14" ObjectDateChanged="2021-07-12T22:53:36" DefaultImportAction="NEW" File="Edge_2021-Jul-12_2258.csv" DataDateUpdated="2021-07-12T22:50:15" FileType="TextTables" HasColumnHeader="True" FileFormat="CSVDelimited" />
      <Object Type="TB" GUID="TB9C5375397F8040F2BC9D0403F519D0DE7E570CD891A000001B00000000D891A00000010000100000000000000000000000000000000000000000000000000000000000000000BC" Name="EdgeType" AppInitialSignature="D891A00000010000" ObjectInitialSignature="D891A00000010000" ObjectDateAdded="" BridgeVersionCreated="27.1" BridgeVersionChanged="27.1" ObjectDateCreated="2021-07-12T22:52:42" ObjectDateChanged="" DefaultImportAction="NEW" File="EdgeType_2021-Jul-12_2258.csv" DataDateUpdated="" FileType="TextTables" HasColumnHeader="True" FileFormat="CSVDelimited" />
      <Object Type="TB" GUID="TBC8C1ED16EB3C492FA353535F7F815BFE7E570CD891A000001B00000000D891A00000010000100000000000000000000000000000000000000000000000000000000000000000FC" Name="Context" AppInitialSignature="D891A00000010000" ObjectInitialSignature="D891A00000010000" ObjectDateAdded="" BridgeVersionCreated="27.1" BridgeVersionChanged="27.1" ObjectDateCreated="2021-07-12T22:54:23" ObjectDateChanged="" DefaultImportAction="NEW" File="Context_2021-Jul-12_2258.csv" DataDateUpdated="" FileType="TextTables" HasColumnHeader="True" FileFormat="CSVDelimited" />
      <Relationship Type="TB" BindingType="Relationships" ParentTableName="Node" ParentTableGUID="TBF352871778E2485D9F2E8490AA5AFB507E570CD891A000001B00000000D891A00000010000100000000000000000000000000000000000000000000000000000000000000000C6" ParentColumnName="GUID" ParentLookupColumnName="Common_Name" ParentLookupColumnForDP="True" ChildTableName="Edge" ChildTableGUID="TB39EA0D28B2194B739F4A33DE4207DE387E570CD891A000001B00000000D891A00000010000100000000000000000000000000000000000000000000000000000000000000000C6" ChildColumnName="Node_A_GUID" JoinType="I" RelationType="OM" ReferentialIntegrity="True" CascadeUpdate="False" CascadeDelete="False" />
      <Relationship Type="TB" BindingType="Relationships" ParentTableName="Node" ParentTableGUID="TBF352871778E2485D9F2E8490AA5AFB507E570CD891A000001B00000000D891A00000010000100000000000000000000000000000000000000000000000000000000000000000C6" ParentColumnName="GUID" ParentLookupColumnName="Common_Name" ParentLookupColumnForDP="True" ChildTableName="Edge" ChildTableGUID="TB39EA0D28B2194B739F4A33DE4207DE387E570CD891A000001B00000000D891A00000010000100000000000000000000000000000000000000000000000000000000000000000C6" ChildColumnName="Node_B_GUID" JoinType="I" RelationType="OM" ReferentialIntegrity="True" CascadeUpdate="False" CascadeDelete="False" />
    </AppObjects>
  </App>
</BridgePackage>